id,image_url,user_id,nsfw_level,created_at,published_at,tag_ids,image_id
3963966,df30f39e-485d-4f0d-9cda-de88c4c99207,61329,1,2024-05-09T18:07:57.863Z,2024-05-09T18:12:45.264Z,"5798,2685,143215,111839,27182,5148,9143,3629,112019,4087,321,531,115460,111850,5343,520,130197,144823,666,111763,115059,115513,5453,1930,3647,5262,5133,7802,508,111754,5484,66,112022,5193",11990668
3963967,564e1204-31fc-4f24-990a-05e5b556e08f,61329,1,2024-05-09T18:07:56.818Z,2024-05-09T18:12:45.264Z,"2879,161969,3656,161963,27182,116254,321,3629,148854,161832,4087,531,130197,115513,9143,115460,520,115059,666,111763,5453,1930,3647,5262,5133,111939,112022,833,1441,5241,111754,5484,112697,7802,508,66,111761,112035,5193",11990667
3963968,0bf11ca9-aec4-4d31-800a-76409cc9f478,61329,1,2024-05-09T18:07:55.857Z,2024-05-09T18:12:45.264Z,"161889,3350,5798,390,161832,5785,5787,5343,130197,4213,143215,9143,116254,161971,321,162405,27182,3629,3656,115460,4087,531,5148,144823,666,115059,115513,111763,5453,3647,1930,5262,5133,833,111754,5484,111761,66,5163,112022,5193",11990666
3963969,e2726682-e31f-49b5-b49e-f92a32661e66,61329,1,2024-05-09T18:07:55.815Z,2024-05-09T18:12:45.264Z,"122931,4213,5248,5110,321,27182,3629,161889,5798,3656,116254,4087,5343,5148,531,520,666,115460,144823,9143,115059,5453,115513,111763,1930,3647,5262,5133,7802,508,111754,5484,112035,833,111761,66,5193",11990665
3963970,1b6bb65c-1c9a-411d-ad58-c1af10efc91b,61329,1,2024-05-09T18:07:55.787Z,2024-05-09T18:12:45.264Z,"5148,143215,111857,5343,161971,27182,520,321,531,111839,161889,3629,116254,144823,115460,666,115059,9143,4087,115513,111763,5453,1930,3647,5262,5133,111754,5484,7802,508,112022,66,5193",11990664
3963971,89068fe0-6415-4302-a7b4-565c1dc38378,61329,1,2024-05-09T18:07:55.747Z,2024-05-09T18:12:45.264Z,"3647,5262,5133,111754,5484,112035,2435,111761,7802,508,66,5193,3643,5780,161832,120222,161971,520,122931,112697,143276,162405,321,4213,531,143215,4087,3629,27182,9143,3656,3350,115460,111850,130197,5798,5343,115059,111857,666,5453,115513,5148,111931,111763,1930",11990663
3963972,4a71beda-ed9f-48a3-a6c0-44e747e2037d,61329,1,2024-05-09T18:07:55.611Z,2024-05-09T18:12:45.264Z,"143215,3629,27182,122931,5798,161906,161832,531,5148,115460,111931,130197,144823,520,5343,666,115059,111763,1930,5453,3647,5262,5133,111882,1441,5241,111754,5484,112022,7802,508,111761,3552,66,18,5193,3350,4213,2685,321,116254,9143,115513",11990662
3963973,be335e4e-123b-4b6e-a329-8366be4dd019,61329,1,2024-05-09T17:29:01.969Z,2024-05-09T17:29:40.593Z,"161822,5248,531,162225,111763,162203,111794,154819,115089,116254,164903,970,122902,112379,113044,129859,15772,16001,115513,7659,78490,112152,111953,111850,1853,5262,114923,120244,111754,5484,111782,112175,7792,111872,66,5232,5231,5163,111871,5193",11988008
3963974,e1ac0fa6-19ce-4d1f-9910-40527cfea1d1,61329,1,2024-05-09T17:29:01.494Z,2024-05-09T17:29:40.593Z,"5231,161954,164903,111989,531,16009,5248,128793,3800,163452,111887,161944,162101,111941,162745,161952,112994,162307,129427,116254,15772,154819,7659,6997,115089,16001,111850,1853,2687,120244,5262,5232,114923,111754,5484,66,5133,5163,112656,111871,4409,5193",11988006
3963975,81a7210c-334a-4e0f-9cb2-ece2e7cdbf35,61329,1,2024-05-09T17:29:01.441Z,2024-05-09T17:29:40.593Z,"5231,161822,5773,162225,5248,120504,128793,16009,115513,6997,116254,111782,15772,129427,970,163452,111850,2687,112152,7659,16001,1853,120244,5262,114923,5232,112656,111828,111871,4409,5193",11988005
3963976,0ace5455-b602-4d3f-b1a1-23b50c92431b,61329,1,2024-05-09T17:29:01.133Z,2024-05-09T17:29:40.593Z,"5231,161889,115460,161946,120504,161954,164903,3800,162117,531,161952,5248,112994,125495,111782,162335,16009,161822,115513,15772,129427,1853,5773,163452,7659,970,112152,128793,116254,111850,6997,16001,120244,2687,5262,4409,114923,5232,111783,111754,5484,112656,66,5133,5163,111871,5193",11988004
3963977,2d5c514a-22ba-413a-9168-b84ecada4ce4,61329,1,2024-05-09T17:29:01.082Z,2024-05-09T17:29:40.593Z,"5231,3642,3368,115460,111763,162178,132109,164903,128793,16009,2687,161952,7954,970,112994,531,154819,3800,15772,129427,114923,5228,163452,117791,116254,7659,115513,111850,5232,16001,120244,1853,5262,112656,111754,5484,111882,111871,66,5133,5163,4409,5193",11988003
3963978,d11048c3-793a-49b4-a2e6-6ee69bb6737f,61329,1,2024-05-09T17:08:34.250Z,2024-05-09T17:09:18.356Z,"5787,6997,1930,161971,5448,5773,3629,8447,2687,27182,110302,115460,4245,143215,111763,5772,112635,115513,5228,5262,111783,2836,7802,4,111754,5484,2435,5193,66,5133,5163",11986764
3963979,6edb12a0-06e1-4561-af5d-8db09247f66d,61329,1,2024-05-09T17:08:34.191Z,2024-05-09T17:09:18.356Z,"5248,111882,126330,143215,3629,2685,27182,5148,112001,5772,4245,3656,144823,111763,115460,6997,2687,110302,5228,115513,5262,2836,111754,5484,7802,66,5133,5163",11986763
3963980,c4f2ef10-24cf-475e-bfbc-6adaf614ca50,61329,1,2024-05-09T17:08:34.165Z,2024-05-09T17:09:18.356Z,"5148,144823,143215,3629,27182,115460,111763,5772,4245,110302,115513,5228,5262,111754,5484,2836,2435,5193,7802,66,5133,5163",11986762
3963981,a2dc083f-bf4f-420a-88c5-a6a5b5362454,61329,1,2024-05-09T17:08:33.314Z,2024-05-09T17:09:18.356Z,"115521,112019,2687,4213,1744,1930,5785,3629,27182,161971,115460,5772,143215,9143,5787,4245,115513,110302,5148,111763,5228,5262,111754,5484,7802,2836,5133,5163,66,2435,5193",11986756
3963982,1908e7cf-5993-4bba-ae6e-e9b9ef618af3,61329,8,2024-05-09T17:04:41.112Z,2024-05-09T17:06:09.766Z,"6924,2013,112070,224755,224753,224752,224749,1441,5241,111754,5484,111753,2397,7620,66,5133,5163,112683,134476,130570,3643,143215,130729,111650,111763,3656,3629,120504,27182,4213,3641,5772,115460,3623,110302,666,4245,1930,115513,2836,5148,5262",11986544
3963983,ff774bdc-c744-4382-bf56-8e2dfa98a21f,61329,1,2024-05-09T17:04:40.659Z,2024-05-09T17:06:09.766Z,"27182,66830,110302,3629,1441,448,5248,115460,4245,117757,115513,5453,5262,2836,334,111754,5484,7802,5133,5163,66,2435,5193",11986543
3963984,a261a937-60a3-4b14-8f1c-41f646a5888b,61329,8,2024-05-09T17:04:40.413Z,2024-05-09T17:06:09.766Z,"112683,142766,5248,130570,120222,111763,110302,3656,4245,5784,9143,120504,143215,27182,3641,3629,5772,152340,161876,115460,3643,115513,5262,5148,2013,111758,111757,111805,2836,1441,5241,111754,5484,7802,2435,5193,66,5133,5163",11986542
3963985,63d7a1e2-a97f-40bb-9ea0-e8fba5658d2b,61329,1,2024-05-09T17:04:40.220Z,2024-05-09T17:06:09.766Z,"143215,7954,161971,27182,3629,5248,111763,115460,110302,5772,4245,115513,5453,2836,5262,7802,5133,5163,1441,5241,111754,5484,66,2435,5193",11986541
3963986,def2885b-f533-447f-b826-353acce2a4f2,61329,1,2024-05-09T17:04:40.063Z,2024-05-09T17:06:09.766Z,"2685,9090,5248,110937,162075,161971,3629,112359,143215,27182,5772,115460,110302,6997,125495,4245,2836,2687,5228,115513,5262,4,1441,5241,7802,111754,5484,111783,5193,66,5133,5163",11986540
3963987,7481e19a-be31-4382-bedc-e539dbbc405d,61329,1,2024-05-09T17:04:39.615Z,2024-05-09T17:06:09.766Z,"130570,161817,126330,5772,115460,3629,27182,110302,7337,4245,115513,5228,2836,5262,7802,1441,5241,111754,5484,66,5133,5163",11986538
3963988,c4242137-31d0-478f-9965-1b54036f8445,61329,8,2024-05-09T06:36:12.391Z,2024-05-09T06:36:54.238Z,"3350,115460,304,5293,140855,78490,162974,115720,6611,27192,2193,115513,5228,5784,3645,114792,111021,1994,125910,4148,3642,2468,5262,5148,112683,112070,2013,224757,224754,116817,111754,5484,5973,111989,66,5133,5163,1718,5193",11945386
3963989,f6f5a924-7dfd-4359-903c-fbad2e9e2713,61329,1,2024-05-06T11:28:05.950Z,2024-05-06T11:28:25.973Z,"111890,143276,531,3656,111794,115460,4213,161889,5248,3350,9143,143215,116254,5773,111763,115513,5148,3247,1675,131423,5787,5785,5228,1676,5262,7327,5193,1441,5241,111754,5484,7802,3642,66,5133,5163",11690818
3963990,2ecde639-9a59-4429-af42-a09d62e55f11,61329,2,2024-05-06T11:28:05.814Z,2024-05-06T11:28:25.973Z,"5942,5787,111759,7327,111773,5193,66,5133,5163,6924,112529,117074,2193,131423,116254,6611,111999,3247,115460,111763,5248,9143,5784,115513,3641,3643,16001,5785,127021,5228,1675,78490,5148,5262,1676",11690817
3963991,c7975708-bddf-4397-8fd6-d43d6fc3dbb1,61329,1,2024-05-06T10:55:10.146Z,2024-05-06T10:56:06.003Z,"5942,5787,111759,5133,5163,66,7802,112635,3643,143215,9143,5772,162306,5773,116234,3800,3350,161906,110302,161825,5248,5148,143276,3247,111763,5228,115513,5785,15772,5262",11688848
3963992,fa8b8122-ce78-4ae4-8a01-295e258f318e,61329,2,2024-05-06T10:55:10.101Z,2024-05-06T10:56:06.003Z,"5133,5148,161825,3643,5262,154471,15772,5785,5784,115513,5228,5248,143276,3247,7327,27192,111763,3800,110302,9143,3350,5773,6924,112635,7802,66,111759,5787,5942",11688847
3963993,b545bcfa-398b-46c5-b489-08d825234320,61329,2,2024-05-06T10:55:09.753Z,2024-05-06T10:56:06.003Z,"5193,111773,5484,111754,66,5241,1441,5163,111761,3737,1930,833,111939,111778,112368,111759,5942,111783,7802,2436,5133,5262,78490,5787,5148,5785,3643,130786,112635,5228,15772,115513,3247,3800,162306,27192,111763,5784,9143,6924",11688846
3963994,39709864-5118-4b60-9ccb-1889a9606688,61329,1,2023-12-22T12:37:37.935Z,2023-12-22T12:38:24.772Z,"8363,321,111763,2309,111908,111864,112505,112506,16188,8447,5448,390,116352,3257,9143",4796177
3963995,6b8dbd54-3bec-41f2-9d79-26eab0d5920c,61329,1,2023-12-22T12:37:37.902Z,2023-12-22T12:38:24.772Z,"116352,8447,3257,8363,321,111763,2309,111908,111864,112505,112506,16188",4796176
3963996,e20ae4a3-97c2-4d02-8b97-8b9147f218ac,61329,1,2023-12-22T12:37:37.868Z,2023-12-22T12:38:24.772Z,"5448,390,116352,8447,3257,9143,8363,321,111763,2309,111908,111864,112505,111907,16188,112506",4796175
3963997,13e61425-ec94-478a-9e89-81889a468699,61329,1,2023-12-22T12:37:37.805Z,2023-12-22T12:38:24.772Z,"8363,321,111763,2309,111908,8447,111864,112505,112506,16188,5448,390,116352,3257,9143",4796174
3963998,5feec624-c2ff-43b4-b742-346050066c24,61329,1,2023-12-22T12:37:37.559Z,2023-12-22T12:38:24.772Z,"8363,321,111763,2309,111908,111864,112505,112506,16188,8447,5448,116352,3257,9143",4796173
3963999,e56b9a24-cd99-42bb-a4a3-6931395b0ebe,61329,2,2023-12-22T09:20:47.312Z,2023-12-22T09:21:15.928Z,"66,5163,111754,5484,5193,5241,1441,7802,6924,111922,3642,5148,3643,7088,1930,5785,5787,115513,5942,111763,109771,5453,5109,5262,192,5133",4792460
3964000,0766da41-82e7-452b-9659-efb50813ecda,61329,2,2023-12-22T09:18:32.903Z,2023-12-22T09:19:37.408Z,"5193,111773,508,7802,66,112152,5484,111754,3647,143276,129427,119303,129859,78490,970,7229,3645,5248,5453,110750,111951,5262,111782,192,6924,5133",4792431
3964001,b03a7737-1541-4c2d-901e-e0bdd1ef8d7f,61329,8,2023-12-22T09:15:53.908Z,2023-12-22T09:17:08.953Z,"5169,163007,110770,122902,161864,5228,115513,110771,122053,122052,161865,5262,111782,3627,2013,192,112683,5193,2435,66,5163,5133,5484,111754",4792393
3964002,41126541-9a38-4e29-957f-d3e5ac69c8ba,61329,4,2023-12-15T10:13:58.008Z,2023-12-15T10:14:30.309Z,"5163,66,5193,111783,111805,111757,111758,111963,6924,131766,161932,3640,161811,3639,3350,143276,5973,5148,111794,55,5448,149130,143215,5785,1238,115060,78490,152340,6610,5787,115460,5228,5773,115513,2193,161876,6923,137163,111763,530,111797,8447,5262,531,7903,4148,113043,111656,5293,192,112070,5133",4601485
3964003,0ec40dbd-617d-4ef5-b55a-70cc053912ed,61329,4,2023-12-15T10:13:57.986Z,2023-12-15T10:14:30.309Z,"161889,131766,133040,3642,3350,5973,5148,111794,3247,3643,162348,1238,152340,115460,5228,115513,4213,161876,111095,6923,137163,111763,530,111797,8447,3852,7903,4148,192,112070,5193,111783,55,5293,66,111785,1718,111963,111805,111757,111758,111834,111835,6924,5133",4601484
3964004,4d9d2aa4-0ebe-40f5-908f-b0758b7417b2,61329,4,2023-12-15T10:13:57.953Z,2023-12-15T10:14:30.309Z,"131766,3640,3350,143276,5973,5148,111805,55,111783,130039,115060,78490,152340,128058,5228,115513,161876,6923,111763,530,111797,3852,7903,127249,4148,5293,192,112070,5193,5163,66,5231,5232,111784,111785,111773,111963,6924,5133",4601483
3964005,18b9fb5c-ca92-4499-baab-f253466345b8,61329,4,2023-12-15T10:13:57.865Z,2023-12-15T10:14:30.309Z,"131766,3642,161811,3639,5148,111794,5785,125910,152340,5787,5228,115513,161876,3645,6923,137163,111763,530,111797,5262,531,7903,4148,5193,5293,5163,192,66,111783,1718,55,111784,111805,111757,111758,7913,111881,111834,111835,5973,6924,112070,5133",4601482
3964006,88ea766e-c2ee-4698-ad72-6e1c8afae53a,61329,4,2023-12-15T10:13:57.856Z,2023-12-15T10:14:30.309Z,"131766,3640,3642,161811,3350,143276,5973,5148,111794,111805,55,3643,162348,1238,115060,78490,152340,6610,1718,5228,115513,161876,3645,6923,137163,111763,530,111797,4087,3852,531,7903,4148,5293,5163,192,66,5133,5193,111783,111963,111849,111962,8628,6924,112070",4601481
3964007,ef0f2c2f-1c21-44bc-938b-706cc377e933,61329,8,2023-12-15T09:51:28.779Z,2023-12-15T09:51:48.468Z,"5193,2435,66,5163,192,2040,334,7802,2013,111851,5148,111893,4245,2836,5784,5228,115513,2468,304,5248,5262,112683,5133",4601173
3964008,036e6d9f-4f7d-41ab-82be-7595333d46ee,61329,8,2023-12-15T09:51:28.602Z,2023-12-15T09:51:48.468Z,"5193,2435,66,5163,2040,112698,111839,5484,111754,794,7802,8682,111851,5148,111893,4245,2836,5784,115460,5228,115513,2468,304,5248,5262,110302,2013,192,112683,5133",4601172
3964009,5562c212-e5f4-4805-b2e5-37b0a3346794,61329,8,2023-12-15T09:51:28.557Z,2023-12-15T09:51:48.468Z,"2040,5193,2435,66,5163,192,5133,5484,111754,5241,1441,111839,794,112698,111760,111851,2013,5148,118100,4245,2836,5784,5228,115513,2468,304,161816,5248,5262,110302,112683",4601171
3964010,f4468907-bae8-4d6f-b0d4-e55679f64e08,61329,8,2023-12-15T09:51:28.493Z,2023-12-15T09:51:48.468Z,"5193,2435,66,5163,2040,334,7802,5484,111754,5241,1441,111851,5169,5798,5148,2836,5784,5228,115513,2468,5248,5262,2013,192,112683,5133",4601170
3964011,1d3f9f24-4db3-4e0a-b5be-00b56f78883e,61329,8,2023-12-15T09:50:25.316Z,2023-12-15T09:50:49.996Z,"152350,161945,119756,3647,5798,5449,5148,5448,3656,143215,115052,5784,5228,115513,2468,110937,304,6033,111763,5248,8447,5772,5262,6870,110302,112683,5163,192,66,5133,508,7802,111760,5484,111754,7712,2013",4601162
3964012,0ec9959c-0d33-4499-8ef0-a7e080e22a44,61329,8,2023-12-15T09:50:25.119Z,2023-12-15T09:50:49.996Z,"5163,66,5133,7168,5484,111754,5241,1441,508,7802,6924,112070,119756,135878,5449,5148,3643,5448,130039,143215,1930,5784,5228,115513,6033,8447,5772,5262,3627,2013,192,112683",4601161
3964013,f4d44f04-7b74-4c10-8d6d-678f9746894c,61329,8,2023-12-15T09:50:25.093Z,2023-12-15T09:50:49.996Z,"5163,66,5133,5484,111754,5241,1441,5193,5293,7168,508,7802,3641,5181,5148,3643,5448,130039,143215,1930,5784,5228,115513,116858,6033,161972,8447,5772,5262,133996,133039,3623,3627,192,112683,833,111761,111939,111778,112368,1718,112070,6924,2013",4601160
3964014,e6323052-cb58-4a82-be4a-1e86c90d6b58,61329,8,2023-12-15T09:50:24.982Z,2023-12-15T09:50:49.996Z,"7168,5163,192,66,5484,111754,2013,5148,5448,143215,5228,115513,3645,2468,8447,5772,5262,114567,3627,112683,5133",4601159
3964015,c57df66a-b002-45e0-85e7-238556522474,61329,8,2023-12-15T09:49:19.500Z,2023-12-15T09:49:44.917Z,"5798,5148,5784,5228,3645,2468,304,5248,5262,666,127305,5343,112683,5163,192,66,5133,6609,7802,5484,111754,5193,111943,4316,111763,2013",4601150
3964016,f49c022c-8010-47cc-a104-c92d1ea5b325,61329,8,2023-12-15T09:49:20.026Z,2023-12-15T09:49:44.917Z,"3642,5798,5148,3656,5784,5228,115513,3645,2468,304,6033,151877,5248,5772,5262,666,5343,112683,6609,5193,111943,5163,192,66,5133,5484,111754,5241,1441,7802,2013",4601149
3964017,bca552c8-cf87-4b79-a7e4-5a709df4fce9,61329,8,2023-12-15T09:49:19.088Z,2023-12-15T09:49:44.917Z,"3642,5148,5784,115460,5228,115513,3645,2468,304,5248,5262,112958,112023,112683,6609,5163,192,66,5133,5193,111943,111775,111859,111971,666,111972,111763,5484,111754,7802,5241,1441,321,2013",4601148
3964018,ee3f8c0e-8058-460e-b0dd-4edfb72b50f7,61329,8,2023-12-15T09:49:19.029Z,2023-12-15T09:49:44.917Z,"5241,6609,5163,192,66,5133,5484,111754,1441,5193,111943,111775,111859,111971,666,111972,111763,321,111822,112281,2013,112683,3642,5798,5148,5784,5228,3645,2468,304,6033,5248,5262,134476,115041,130197,5343,1994",4601147
3964019,e460597c-5dda-409a-9dfd-1711059305f4,61329,8,2023-12-15T09:47:38.025Z,2023-12-15T09:48:26.012Z,"5163,66,5133,5484,111754,5241,1441,111887,111864,321,111763,111851,5148,1853,118100,5228,115513,3645,2468,304,4836,5772,5262,2013,192,112683,1994",4601089
3964020,6b0a38e7-dac4-4ff1-840e-ee81bcf01448,61329,8,2023-12-15T09:47:37.997Z,2023-12-15T09:48:26.012Z,"5163,192,66,5133,5484,111754,5241,1441,1853,111887,111752,6628,112683,2013,111851,5148,27182,3656,161827,116254,155478,118100,122902,5784,5228,115513,3645,304,3628,4836,5262,531,112958",4601088
3964021,a517408f-53c4-4a29-a65f-c9822a8409ec,61329,8,2023-12-15T09:47:37.908Z,2023-12-15T09:48:26.012Z,"5163,66,111887,5484,111754,5241,1441,111851,114592,162179,5798,5148,131392,5997,114792,1853,5784,5228,115513,3645,2468,304,111021,4836,5262,114757,2013,192,112683,5133,1994",4601087
3964022,beb47a55-3570-429a-97f5-dbbe08e0b417,61329,8,2023-12-15T09:47:37.804Z,2023-12-15T09:48:26.012Z,"5148,161827,131392,5997,155478,5228,115513,3645,2468,304,4836,5262,5163,192,66,1853,111887,5484,111754,5241,1441,2013,112683,111851,5133,1994",4601086
3964023,581c0422-a324-459d-a8bf-dc1b75ee6235,61329,4,2023-12-15T09:25:41.797Z,2023-12-15T09:26:59.939Z,"131766,161932,3640,3639,5973,5148,111794,3247,55,3643,3656,162348,5785,1238,115060,78490,152340,6610,122902,162169,5787,1718,115460,5228,115513,161876,6923,137163,111763,530,111797,5262,7903,4148,113253,5293,112070,5193,111783,111759,111765,111766,111773,5163,192,66,5133,111805,111757,111758,111963,111849,111962,8628,111834,111835,6924",4600622
3964024,519cf462-0208-4a18-84ed-b1d89d5f83fc,61329,1,2023-09-30T08:56:02.585Z,2023-09-30T08:57:50.970Z,"5262,5228,3647,15772,1930,531,666,3573,3623,141662,113362,162455,47680,5193,111818,833,111761,111939,111778,112368,5163,6652,192,66,111839,794,5484,111754,5241,1441,111763,321,111906,112169,9143,112351,2309,112126,112103,5133",2726059
3964025,bc92023d-e238-4556-b098-a53a4bd3ddc8,61329,2,2023-09-29T21:01:23.463Z,2023-09-29T21:03:00.266Z,"5193,2435,66,111773,21025,334,111759,111765,5262,5148,115513,5453,5798,3647,5784,78490,3645,3643,111782,7229,16001,3350,115460,110749,970,1713,112469,6628,143276,111781,112176,115089,162036,128793,111766,5484,111754,30505,162124,163017,192,6924,5133",2719529
3964026,9f383654-e3aa-4ac3-9cfb-e5cf88f2b902,61329,2,2023-09-29T21:01:23.430Z,2023-09-29T21:03:00.266Z,"5193,2435,66,21025,5484,111754,5262,115513,5453,5798,3647,78490,3645,111782,5785,108537,7229,16001,129859,3350,5459,970,1713,112469,6628,143276,113032,112176,162036,128793,30505,162110,162124,164480,163830,192,6924,5133",2719528
3964027,e9baf403-ec20-4a94-aef5-a177a26b17c1,61329,2,2023-09-29T21:01:22.928Z,2023-09-29T21:03:00.266Z,"5193,2435,66,970,111782,334,1713,112469,21025,111941,508,7802,5262,5148,115513,5453,5798,3647,78490,3645,122902,3643,4213,531,7229,111850,16001,129859,161864,3350,5459,115460,110749,143276,114592,111781,162037,112176,115089,110937,128793,162856,30505,118701,162124,162486,192,6924,5133",2719527
3964028,91c07814-7a3b-423d-8a8f-210d03e7d582,61329,2,2023-09-29T21:01:22.718Z,2023-09-29T21:03:00.266Z,"5262,5148,115513,5453,5798,3647,78490,3645,122902,3643,111782,5193,2435,66,112469,21025,111773,111871,334,7229,16001,161864,3350,115460,110749,970,1713,6628,122053,114592,111781,6046,162928,112176,114757,115089,162036,112100,128793,30505,162124,163017,164480,162486,192,6924,5133",2719526
3964029,bf330302-4b84-4ec6-b665-ee59d85cf053,61329,2,2023-09-29T21:01:22.353Z,2023-09-29T21:03:00.266Z,"5193,2435,66,334,111773,5484,111754,111752,5262,5148,115513,5453,6033,5798,3647,78490,3645,111782,116254,111951,7229,3350,115460,110749,970,7084,1713,110750,6628,127249,143276,111781,162928,112176,128793,30505,163823,162124,192,6924,5133",2719525
3964030,60a656e4-5a0f-4b55-b84f-643e42020b49,61329,1,2023-09-28T13:16:52.787Z,2023-09-28T13:19:22.675Z,"5262,78490,5773,531,7954,8447,3640,111850,16001,5448,140256,1713,3084,3819,149130,144082,112690,163135,5193,111773,5163,5232,66",2702596
4102378,3ab86283-df86-4c66-947b-52a912debe21,61329,1,2024-05-09T20:59:49.545Z,2024-05-09T20:59:52.408Z,"111898,1895,111879,5262,118075,3084,112690,1788,116352,5816,4245",12001353
4102379,2dca27fe-4d6e-4e52-a4ae-6a420d74c1d6,61329,1,2024-05-09T20:59:49.015Z,2024-05-09T20:59:52.408Z,"111767,3787,321,5110,111763,112690,5262,3084,118075,115513,119829,4245,1441,114923,5816,5232,5231",12001351
4102380,a0a2b5af-288f-4e24-8d4c-916e550aa2e3,61329,1,2024-05-09T20:59:15.210Z,2024-05-09T20:59:24.894Z,"111805,111757,111758,112690,3084,5262,118075,116352,1788,115513,119829,123298,115318,4650",12001326
4102381,377abfc5-051e-417a-8989-76757067ccbc,61329,1,2024-05-09T20:59:14.956Z,2024-05-09T20:59:24.894Z,"111805,111757,111758,112690,116352,119829,3084,5262,115513,1788,1441",12001325
4102382,7e9bf335-8eec-4cfc-bca4-89c71a2e0219,61329,1,2024-05-09T20:58:31.220Z,2024-05-09T20:58:35.470Z,"19304,1895,112690,3084,5262,118075,3628,116352,5232,114923,5816,4650,5231",12001263
4102383,564a4a63-2e72-4a31-a9de-c1c25249aa6a,61329,1,2024-05-09T20:58:30.534Z,2024-05-09T20:58:35.470Z,"111805,111757,111758,5262,112690,5232,3084,119829,114923,118075,7337,1441,5816,5231",12001261
4102384,fc2c81eb-2b6a-4b92-af21-342496dcd22f,61329,1,2024-05-09T20:56:46.207Z,2024-05-09T20:57:00.407Z,"111805,111757,111758,5262,112690,3084,118075,1788,115513,5816,123298,116352",12001114
4102385,3ea87924-ee1a-42a3-9f8a-ff8d3d8aa0f2,61329,1,2024-05-09T20:56:45.167Z,2024-05-09T20:57:00.407Z,"5163,5231,5232,66,112690,118075,5262,115513,3084,119829,5816,1788,4650,161872",12001111
4102386,78c4a403-48c6-4b71-a6de-5e8aa09f3773,61329,1,2024-05-09T20:26:29.576Z,2024-05-09T20:27:32.789Z,"7802,66,5193,5163,111761,5484,111754,112035,5133,5262,3642,5228,1930,3623,115513,130729,111650,9090,5148,531,111839,27182,120708,115521,3641,146050,666,115460",11999239
4102387,df2efd56-42a0-4fdd-9def-8f8a53c27fb3,61329,1,2024-05-09T20:26:29.179Z,2024-05-09T20:27:32.789Z,"7802,66,5193,5484,111754,5133,3642,5228,5262,1930,3623,3787,115513,5110,9143,112289,531,3641,27182,116254,115460,120708,130729,161889,111650,1169",11999238
4102388,2c902b47-2a02-4d31-b7ba-b4b97cb2e976,61329,1,2024-05-09T20:26:29.127Z,2024-05-09T20:27:32.789Z,"7802,66,5163,5484,111754,111882,5193,5133,3642,5262,1930,5228,3623,115513,111763,520,4087,161889,666,120708,115460,5148,9143,531,27182",11999237
4102389,a3137324-32c5-470f-a897-a185f45cb012,61329,2,2024-05-09T20:26:28.583Z,2024-05-09T20:27:32.789Z,"7802,66,5193,5163,111761,112035,5484,111754,833,111939,9143,119936,1169,6924,5133,3642,1930,5262,5148,5228,3623,115513,161919,3643,111763,130729,390,321,120708,5784,111650,531,27182,115460,3641,3656",11999234
